Tên bài nhạc,Link trên Tiktok
Không Sợ Béo,https://www.tiktok.com/music/Kh%C3%B4ng-S%E1%BB%A3-B%C3%A9o-7308980885716895745
Mì Tôm Thanh Long Trà Chanh Giã Tay,https://www.tiktok.com/music/M%C3%AC-T%C3%B4m-Thanh-Long-Tr%C3%A0-Chanh-Gi%C3%A3-Tay-7308620789418854402
Tết Năm Nay,https://www.tiktok.com/music/T%E1%BA%BFt-N%C4%83m-Nay-7308310388515571714
Người nghèo đón Tết,https://www.tiktok.com/music/Ng%C6%B0%E1%BB%9Di-Ngh%C3%A8o-%C4%90%C3%B3n-T%E1%BA%BFt-7308274122067363841
Mua vui bằng nỗi buồn,https://www.tiktok.com/music/Mua-Vui-B%E1%BA%B1ng-N%E1%BB%97i-Bu%E1%BB%93n-7302299935394187266
Giáng Sinh Một Mình,https://www.tiktok.com/music/Gi%C3%A1ng-Sinh-M%E1%BB%99t-M%C3%ACnh-7302001267815073793
Dư âm của gió,https://www.tiktok.com/music/D%C6%B0-%C3%82m-C%E1%BB%A7a-Gi%C3%B3-7301998802134894593
Khúc nhạc chào xuân 2024,https://www.tiktok.com/music/Kh%C3%BAc-Nh%E1%BA%A1c-Ch%C3%A0o-Xu%C3%A2n-2024-7300446363808368642
Sâu trong mắt em,https://www.tiktok.com/music/S%C3%A2u-Trong-M%E1%BA%AFt-Em-7299966017450985474
This is Sunday,https://www.tiktok.com/music/This-Is-Sunday-7299408182362687490
Vì sao không,https://www.tiktok.com/music/V%C3%AC-Sao-Kh%C3%B4ng-7300149839547369474
Even Though There Are Differences ,https://www.tiktok.com/music/Even-Though-There-Are-Differences-7301189154149779458
Bình yên khi bên em,https://www.tiktok.com/music/B%C3%ACnh-Y%C3%AAn-Khi-B%C3%AAn-Em-7300130850019723266
Tỏ lòng cùng trăng,https://www.tiktok.com/music/T%E1%BB%8F-L%C3%B2ng-C%C3%B9ng-Tr%C4%83ng-7300810406401148930
"Gia đình nhỏ, hạnh phúc to",https://www.tiktok.com/music/Gia-%C4%90%C3%ACnh-Nh%E1%BB%8F-H%E1%BA%A1nh-Ph%C3%BAc-To-7300810123559372802
Summer Yearns,https://www.tiktok.com/music/H%E1%BA%A1-V%C6%B0%C6%A1ng-M%C3%A0u-N%E1%BA%AFng-7299400343146088449
Giọt sầu trên mi ai,https://www.tiktok.com/music/Gi%E1%BB%8Dt-S%E1%BA%A7u-Tr%C3%AAn-Mi-Ai-7300827280024012801
Summer Sun,https://www.tiktok.com/music/Summer-Sun-7299013447420774402
Nice Day We Go Out,https://www.tiktok.com/music/Nice-Day-We-Go-Out-7299008945208788993
Do workhouse,https://www.tiktok.com/music/Do-Housework-7298978039215376385
A Strange Thing,https://www.tiktok.com/music/A-Strange-Thing-7298978170815072258
Which Is the Best,https://www.tiktok.com/music/Which-Is-the-Best-7298978079607097345
Beautiful Life,https://www.tiktok.com/music/Beautiful-Life-7298978039215015937
Awakening Faith,https://www.tiktok.com/music/Awakening-Faith-7298978012447868930
Vì yêu mà thương,https://www.tiktok.com/music/V%C3%AC-Y%C3%AAu-M%C3%A0-Th%C6%B0%C6%A1ng-7298971512877746178
Say em mất rồi,https://www.tiktok.com/music/Say-em-M%E1%BA%A5t-R%E1%BB%93i-7298971513088378881
Đông ấm,https://www.tiktok.com/music/%C4%90%C3%B4ng-%E1%BA%A4m-7298971525146920961
Đi cùng em,https://www.tiktok.com/music/%C4%90i-C%C3%B9ng-Em-7298971525146953729
Ai cũng phải một lần yêu,https://www.tiktok.com/music/Ai-C%C5%A9ng-Ph%E1%BA%A3i-M%E1%BB%99t-L%E1%BA%A7n-Y%C3%AAu-7298971514162300930
Hành trình mới,https://www.tiktok.com/music/H%C3%A0nh-Tr%C3%ACnh-M%E1%BB%9Bi-7298971529571158018
Điều em chưa biết,https://www.tiktok.com/music/%C4%90i%E1%BB%81u-em-Ch%C6%B0a-Bi%E1%BA%BFt-7298971500862048257
Thật tuyệt khi được yêu,https://www.tiktok.com/music/Th%E1%BA%ADt-Tuy%E1%BB%87t-Khi-%C4%90%C6%B0%E1%BB%A3c-Y%C3%AAu-7298971512299948034
Em là hạnh phúc,https://www.tiktok.com/music/Em-L%C3%A0-H%E1%BA%A1nh-Ph%C3%BAc-7298971529570945026
Khi con tim ta biết yêu,https://www.tiktok.com/music/Khi-Con-Tim-Ta-Bi%E1%BA%BFt-Y%C3%AAu-7298971512877664258
Mơ về em,https://www.tiktok.com/music/M%C6%A1-V%E1%BB%81-Em-7298971514162268162
Qua một đêm,https://www.tiktok.com/music/Qua-M%E1%BB%99t-%C4%90%C3%AAm-7295982663335692290
Tịnh tâm,https://www.tiktok.com/music/T%E1%BB%8Bnh-T%C3%A2m-7295982647574300673
Love Is,https://www.tiktok.com/music/Love-Is-7294212211857606658